{
  "best": {
    "model_type": "sklearn",
    "name": "XGBoost"
  },
  "all": {
    "LogReg": {
      "accuracy": 0.9748,
      "precision": 0.9666818804198996,
      "recall": 0.9755872869645325,
      "f1": 0.9711141678129298,
      "roc_auc": 0.9840807820691109
    },
    "SVM": {
      "accuracy": 0.978,
      "precision": 0.970333181195801,
      "recall": 0.9792722247812068,
      "f1": 0.974782209995415,
      "roc_auc": 0.9907181314017692
    },
    "RandomForest": {
      "accuracy": 0.9832,
      "precision": 0.9745338790359254,
      "recall": 0.9871027176416398,
      "f1": 0.9807780320366133,
      "roc_auc": 0.9973001220008796
    },
    "GradBoost": {
      "accuracy": 0.9806,
      "precision": 0.970081595648232,
      "recall": 0.9857208659603869,
      "f1": 0.9778387023075166,
      "roc_auc": 0.9970468557948952
    },
    "XGBoost": {
      "accuracy": 0.9832,
      "precision": 0.9762665449566408,
      "recall": 0.9852602487333026,
      "f1": 0.9807427785419532,
      "roc_auc": 0.9976469281845802
    },
    "DeepNN": {
      "accuracy": 0.9784,
      "precision": 0.9594654788418708,
      "recall": 0.992169507139567,
      "f1": 0.9755434782608695,
      "roc_auc": 0.9953546695661617
    }
  }
}